{"minzoom":0,"maxzoom":8,"center":[33.046875,14.603795,8.0],"bounds":[21.812925,3.481185,38.793346,23.62188]}