{"minzoom":0,"maxzoom":9,"center":[33.398438,14.264126,9.0],"bounds":[21.812925,3.481185,38.793346,23.62188]}